2.9436305322203427e-05,4.176767781929164e-05,5.577560482175331e-05,5.791897606691448e-05,4.8141834563270195e-05,3.52615707151411e-05,4.3446282158661314e-05,5.4857497632032925e-05,5.065303311884446e-05,4.008050416185337e-05,2.76906195327003e-05,7.770685832945796e-06,1.0504073606472188e-05,1.2155848592344339e-05,2.069538842687674e-05,4.999986401594586e-05,6.880938698649149e-05,7.547672134877546e-05,8.487348828187137e-05,8.612297650652869e-05,5.937540852254284e-05,1.9152112176749235e-05,5.049212593102242e-05,8.184227529214462e-05,9.503671131886728e-05,0.00010084907816581763,0.00010086759971113668,9.208468969747247e-05,8.337040010529523e-05,8.174662945288044e-05,8.0251640894541e-05,6.988648462401301e-05,5.679411708709233e-05,6.189145166999715e-05,7.784190543470104e-05,9.022068462838469e-05,8.85923260879247e-05,6.27879335334663e-05,2.6033640789873223e-05,2.3329018112794244e-05,3.147167855309345e-05,3.0174973938557396e-05,3.636839875199415e-05,6.024616518724204e-05,7.12985821692167e-05,6.058322553513632e-05,4.8869892489095414e-05,2.9270056640840627e-05,2.2892908981625437e-05,4.869488655742126e-05,3.743581822118363e-05,7.148174331153638e-06,3.958566493149021e-05,6.396149708578407e-05,7.538936425201916e-05,7.115383231973451e-05,6.45167891934862e-05,4.6108275097883736e-05,5.9235930325380824e-05,0.00011673744568514145,0.00013885502804032607,0.00011139752067630238,7.210102158800406e-05,5.6022048644660274e-05,3.886535784501998e-05,3.2026442673033295e-05,4.9305490265770936e-05,5.777562610733958e-05,7.395977517680705e-05,9.202373836077864e-05,8.605914665217166e-05,6.185949659748432e-05,4.46453341968271e-05,3.2798888988732685e-05,1.95655514375239e-05,2.161809533371905e-05,1.4967819692720659e-05,9.543903230658246e-06,4.054732344204753e-05,6.709751172412836e-05,8.423333575962412e-05,8.941957801989758e-05,8.23694852902352e-05,6.833101231862116e-05,5.395482847999456e-05,4.2527810882446606e-05,2.8335823670572464e-05,1.3915641618051122e-05,2.3606806593162105e-05,2.5927571229812605e-05,1.2347586990337619e-05,6.342449706758465e-05,0.0001168396292857262,0.00014328334782453354,0.00012293553698376782,5.645132627719636e-05,2.0289469331252066e-05,7.257511121492506e-05,8.579509347149023e-05,5.9619448142349116e-05,3.643548134954491e-05,2.4541983341815887e-05,1.7440535117746195e-05,2.951205449474916e-05,4.0473922185680057e-05,2.7150894980559595e-05,1.576987242215279e-05,2.2233143768350695e-05,5.286037104930918e-05,5.8661376217538235e-05,6.0824649637896346e-05,3.9738073370845754e-05,9.54751266981902e-05,0.00010893181646017367,7.638235098892014e-05,8.516609013938144e-05,0.00020853082729463588,0.0001449953681887753,0.0013664583687289923,0.004271305296950094,0.006660785039889531,0.006547667210133364,0.005296576337560323,0.006365812037318528,0.006681526731838203,0.004343125065458245,0.0012764767472003122,0.0002792489774540485
0.0011209966239224848,0.00021087283960071748,5.447400920597922e-05,0.0005531598248512192,0.00010260990249762507,0.0007556365694645486,0.0015020589010871542,0.0008220476586414261,0.0006607705205443758,0.0009267246555704626,0.0005242646028067769,0.0001095016830285951,0.0003044227174526045,0.00022312563486030334,3.234357410411422e-05,0.001965781269536582,0.0023951501720434454,0.002167199403267541,0.0030129287687992827,0.0015811533208247536,0.00046800123586199406,0.00036815731206693233,0.00036455470228182504,0.0008422675820391141,0.0013180069496446158,0.0005078485534490297,0.0010903070387096377,0.0007928748730535506,0.0015259178844669455,0.0007852653006936941,0.0005217040319072175,0.0008550190635098231,0.0007352164996995873,0.0010611662462331067,0.0015669702278287498,0.0003453874670080634,0.001184240799757842,0.0010530745843093396,0.0005047942791862872,0.001353483711024902,0.001161982417258013,0.001239495511744871,0.0008828900058823014,0.00033630317459499805,0.00035316056862540396,0.0007094605785227152,0.0011648971924405841,0.001699959578218169,0.0015719511714181104,0.001771689563200522,0.001482311018029764,0.0006557749191536021,0.001406007614071782,0.0009009239636869452,0.001418624093852292,0.000770549108627866,0.0014667319554759577,0.0018065325139901426,0.0009508810871035933,0.0024925340955469994,0.0014230105320890334,0.000398363737919541,0.0015463810217309954,0.001911756885569932,0.0019958774728602796,0.0010262737332674306,0.0019409114886545285,0.0023475312360653378,0.002684767341621395,0.001007676489833423,0.0006524277357645589,0.0021245803075261903,0.00228173332220565,0.0007396925620862017,0.00029772483873207926,0.00038716044358196077,0.0007346911395206678,0.002100547076572223,0.00188922895959849,0.0010054390146710247,0.0006874982678667267,0.0003846494506872902,0.0010463920294658073,0.00018276002378325804,0.0017261040053538792,0.0003232186768213246,0.0016551831597169482,0.0023005917063800897,0.0007906404857745181,0.0012944441137242029,0.0010349777512956605,0.0011378236493950024,0.00036782229722952486,0.0016363832534681782,0.0005547335563683682,0.0010354135689165528,0.00026565606240744924,0.0008739454124228032,0.0019926719264565474,0.0013748220889186742,0.001891798665109335,0.0023473871328796997,0.0025310616168342215,0.0011519045425222748,0.0025934846749970904,0.0013422627579638253,0.0009563217747213598,0.003699895741244057,0.0022619309959452014,0.0022237170038428185,0.00396520048890774,0.0019900529271095592,0.003964598354672715,0.009735100731516578,0.015883135566851465,0.008508035620524596,0.004615125777261831,0.0025255562593418357,0.008879015078561116,0.027013521860000358,0.011712709292345493,0.0617533695416222,0.11645604940798937,0.06770793187269548,0.0076087489631214145,0.01209771370937061,0.0073519343403768275,0.005109226985191377
0.06418604631309309,0.07216577409210206,0.09322059542894742,0.11121618489393759,0.116052640310977,0.12569963915389018,0.11353031324335211,0.09802600823602485,0.07911453234374512,0.06545525210830307,0.06692474191551298,0.04704640925006452,0.03986721396453841,0.0562798260913505,0.05144694797340024,0.04286437793977357,0.04119590975871878,0.0677409052137691,0.053854137140342366,0.07186357518428094,0.09423948523798682,0.10458668606913447,0.08876821246480601,0.07448710054933531,0.05602560762119843,0.035803399942849534,0.033825104319471104,0.024723836774951113,0.022997791644359247,0.032507429217561994,0.04207713894676163,0.04391703286251204,0.03251541365686764,0.01856453585004821,0.012349300432455582,0.012721833539815954,0.01814720966748922,0.03034110225486018,0.036256967079188816,0.03358377229878927,0.02971611266417232,0.028979241756494904,0.0509948484641845,0.06421337953327647,0.07057083482683978,0.08135164138719977,0.08129062189975671,0.07068569314546938,0.052467718878700643,0.04167521154277873,0.015647227758728986,0.020724666523711414,0.02896058963778678,0.030161539065544037,0.05180519682740991,0.06245954741520931,0.08217712495494686,0.07618915175310881,0.04900043252412065,0.027441156125276752,0.02878548823955606,0.040020597105562876,0.046705511907140444,0.038997180751788235,0.0437194147360489,0.050568872754891296,0.049639006159214925,0.040050932600383185,0.023055224698623786,0.015056782038964853,0.022144941441872033,0.023121984612276766,0.019091760384646588,0.011732721974470036,0.0076312556101223224,0.005514391853915513,0.008017833159086376,0.017059635528337894,0.023409996297868416,0.02114222420498919,0.012945220772806958,0.02158186956868447,0.02586024533451125,0.013358959370174983,0.007060859337054648,0.016510397379408584,0.018719525954238547,0.031138599873221918,0.025573144010424133,0.004733102510848475,0.002598428480049116,0.0032772086631095965,0.004725150450422816,0.005816720731578348,0.005535570854667569,0.0043064872529868375,0.0013152822589860183,0.0028821353264285514,0.004435564979293961,0.004316373604465677,0.002182437129730787,0.000752429733311105,0.0031125130141542333,0.0036091281969294472,0.0033870166110240617,0.0030210929966526293,0.0035884949700148243,0.004363497452984394,0.004288579001976547,0.003429068563631255,0.011719246151548963,0.08092967220111494,0.2021696907563617,0.2143189259973089,0.08064411520010258,0.15981199353342018,0.23544792695624392,0.09024752239891079,0.1560527924746601,0.2271759099480865,0.12282626761377628,0.1605790811008708,0.28344805607443446,0.23257142236895942,0.07395589385111566,0.03563824250506539,0.10554343915252407,0.11860263523015259
1.1791336861764945,0.8224148397225166,0.43187640361218743,0.4281833996526057,0.7991036947771358,0.6191073021860631,0.1955000492333188,0.1786310608090861,0.28191106573676783,0.2701110165229122,0.2883398981342215,0.26272018461020347,0.5351038689374703,0.6835713931165728,0.638892419205394,0.4104318190763925,0.20682021885080284,0.43165226628327436,0.7800075180736814,0.5768794751485891,0.5164212826813072,0.4356748506923518,0.1051791594145461,0.18767661527591906,0.395987302498582,0.28468535153977165,0.2743381033744406,0.5296500429805869,0.7667379204715524,0.8436438465112694,0.685503466179666,0.2157791379316612,0.2124129478590535,0.047704155286451486,0.13562587393835157,0.13767555734749845,0.1012612315152367,0.2610517646339788,0.2265642146502924,0.10182500728366638,0.2505022847538424,0.38815341782824847,0.31533041564558617,0.06332984084625858,0.32067377148400533,0.18688264644584787,0.216869706615323,0.09481153182627176,0.08238733323215187,0.25504079134258534,0.2938568986305579,0.20235534771872965,0.27731166042248717,0.38333612166322656,0.34215772892677615,0.1157382615815706,0.26880036020088904,0.13122813615904194,0.3682562861123083,0.3829751387704669,0.29347382192823296,0.06748364878798423,0.14530679113300216,0.29362141432827454,0.2155572303918089,0.1577732363996871,0.20390874286581617,0.2246264665469433,0.2783263307802902,0.36707473977067,0.1646021405939265,0.08694413279957279,0.013115902766090256,0.06115150506944879,0.05566499124431677,0.01823769795584081,0.0331974313371829,0.053539483942147505,0.058278513051732365,0.05360127385374967,0.14897412688141481,0.28190528754121186,0.2636493609224955,0.09068540948936951,0.08972005162082396,0.25900966766715317,0.3749817975973943,0.18053282356743905,0.031114992039048005,0.017700971457439072,0.011890307355869791,0.00899888473109727,0.012843509552199569,0.012903904984097594,0.013400474820359115,0.013936473866043804,0.014255284545225021,0.014801820970807997,0.015641231601481276,0.016371878364542226,0.01734925254946466,0.018599404585977048,0.02003142566677658,0.021421979245383464,0.023332913985634102,0.025839710944345656,0.028890730651009937,0.032350615101679095,0.03774959073736731,0.0449113233653946,0.07927362448702245,0.0883141786228575,0.13778954109922065,0.3155629137730732,0.3324233774493959,0.16051020630495838,0.18532293400845143,0.3875717213626492,0.23079191679462854,0.08327453658325373,0.05484246934810967,0.039772299885340534,0.032819264545833345,0.027938766777280903,0.025542165665343952,0.02298322224885942,0.021544918144202223,0.02062741899025651
0.7561675020235166,0.554863729588552,0.24857571234584133,0.3899039636304994,0.9560892725612611,1.1334563777025368,0.2415359517870589,0.3926096738035506,0.14239600834064786,0.8143077750133438,0.7152724935647193,0.27849199910337813,0.6085558652314623,0.296904811856722,0.44398634369804263,0.650532204107559,0.3284146065122916,0.3005689241732663,0.08036796486905866,0.862335988024328,1.095249355865715,0.6523615440057582,0.10597257714677046,0.866431800169907,1.2412491504011998,0.7781846916243993,0.47755009472287413,0.41173615001129343,0.4535275365093314,0.26949722656226976,0.04096405158677949,0.10822734590720164,0.35584922380797207,0.3851248562202883,0.20436787651402974,0.09701143151499483,0.146484572794321,0.04175413288260723,0.22151836624284063,0.3992260614193541,0.06821196864353801,0.5253633127251924,0.4632908752375501,0.1817434838353977,0.26144812157609343,0.5402470759375828,0.28384383230790117,0.5048100839996172,0.4891411721243725,0.3021913356902027,0.2718488720160541,0.21431626355339622,0.26282578421743186,0.37370668313157107,0.0657425463545954,0.27923666853428347,0.18249790076069544,0.20804011844216516,0.3291489451505133,0.48551335230187403,0.3103730482889748,0.13634630351299876,0.0729658553558372,0.3286464365278384,0.29325364500345275,0.030732492926625627,0.22362514971139377,0.6515394246355939,0.49699537984813164,0.24969104241678558,0.1989624161775616,0.14285735402683541,0.03511349205108535,0.03929654880345518,0.07211596532009114,0.18352041913655576,0.16257521667612984,0.07852991342074551,0.07162923066131824,0.08847948733611935,0.03755019188390846,0.2239510423370818,0.20151020918970974,0.2394764711554134,0.3733295435452229,0.29439015127787277,0.08559727128262203,0.24004470909570483,0.07347621460581284,0.0639001244725987,0.08461279669002177,0.050739877558565155,0.08929358913636666,0.2858893729195316,0.3791749852143343,0.37657363037826247,0.40410280753997513,0.3810305229323919,0.206031113892317,0.0983416267546428,0.30810062206368377,0.3197234470431475,0.2087601799480551,0.2318485124801981,0.27679369018175354,0.20346674628196657,0.09464824828895153,0.09614901259077473,0.127870052588895,0.1747325543154126,0.5342440009762995,0.6525286341891832,0.32161367608999836,0.20983643906281985,0.16202081176530203,0.13047317467044156,0.07141477040982927,0.5101245074136758,0.4924754442341819,0.22355736096678133,0.24063612112639604,0.22370192673741487,0.12678899220166404,0.060708261161178244,0.16016648746598003,0.189376928284369,0.16273719634885994,0.1558372858010993
0.2671509704370729,1.1093341652963153,0.914577118424476,0.17905556467713066,1.1512504327519262,1.136974808616579,0.38872581545791907,0.15835062473080652,0.45083611424543574,0.6410959123754975,0.024086309206695238,0.28802199010634993,0.24482039195165167,0.6679162362756502,0.8154227232750688,0.5446776708217979,0.45929133316463633,0.22184127357318242,0.621513790294767,1.0572679452576301,0.7284464008713913,0.35455110818497465,0.4226435012817447,0.9862717183336884,0.8880441032946216,0.40034349686833476,0.2340455935152443,0.5312905500190673,0.6309270164805949,0.36912049222720317,0.11293740873155497,0.46898114751472314,0.21603493435282348,0.04644699876347827,0.15199626655191523,0.10597849596862524,0.11879307843376173,0.0917728357445705,0.11303135103968139,0.024783995594233037,0.2834628141658599,0.36786739770282834,0.3679388816986329,0.4320508647509287,0.7207719514393551,0.5072156349986827,0.4683102460573418,0.32879677362833093,0.2380450402442807,0.4327324502681345,0.41968728195083904,0.2641365871761273,0.06309471769231392,0.14185235587879477,0.10762979958450374,0.14970645058888338,0.05694850915088141,0.24331366479234276,0.10801349470396662,0.09754500441718134,0.12427782215784249,0.13023193872636707,0.04643632479032349,0.23663150113458073,0.2206555984676066,0.32907469984820675,0.7405178444307269,0.509728406248239,0.4670977985958073,0.4695827827596679,0.2917510847367184,0.12299017954382258,0.12468797486934208,0.14472372691029492,0.106067490446049,0.07667802677675523,0.21273751823457407,0.190666164320685,0.03279481279741773,0.14622839339128765,0.06937383241635561,0.06564646309339989,0.08982273752798528,0.06311903835069975,0.18259080979093062,0.20439570897789067,0.11988389273934395,0.08762577980610546,0.13515295671595096,0.016989700351269007,0.23290809492902612,0.22951879507241882,0.24318447423748607,0.5219196687723828,0.4943316408056313,0.39114010695243345,0.13600694414818082,0.28025804392791615,0.23047080112655588,0.30653358710879336,0.5508668418001778,0.3658549871994934,0.2129655632724641,0.7229373811051774,0.4598409734254161,0.11807245123488547,0.18393701673443483,0.3666657420530059,0.3856078908180417,0.09145087188532369,0.09804428630113673,0.08509501251790441,0.18501729523960989,0.19497382872977956,0.15407135833922547,0.20077843219938493,0.5405097597145917,0.46132735184851437,0.16934723032482057,0.1703224353919029,0.09057188487138537,0.3143455007364663,0.39122824376427684,0.22605715548754426,0.07529650354353976,0.08765893624128206,0.12162058930741941,0.10042622202764916
1.2326793611075693,0.9164221148986827,0.8569850277959616,0.695239033100823,1.031712073714234,1.127134922047211,0.2862579623555047,0.2785549378093204,0.14630144075540813,0.4987373607497506,0.6827931356224418,0.1565808865506943,0.4404602250026112,0.7993890272694598,1.2598390648801328,0.7993249663951407,0.1209621239201265,0.40831440313985784,0.1277215280220145,0.8284299791571316,0.957755023018696,0.6757249123416934,0.5809255643652801,0.473157654049966,0.5965102959210431,0.830406189464563,0.8966537241753133,0.6227929999514175,0.30478315612804613,0.2522638292758486,0.6061637634410991,0.5878515866588365,0.21811935919052877,0.12205445278603534,0.22950628788792898,0.25168976648585617,0.25033263699875463,0.15972854514197962,0.07497580572642154,0.29199116497317784,0.3673411130955336,0.3348488747974206,0.3592277272837428,0.3217627102335973,0.3323736577485971,0.656632277200414,0.510966108100892,0.24037863845376833,0.13887680452619025,0.42876707627175675,0.3882512474947635,0.22360804894253555,0.06108118454539846,0.16079549505028332,0.32520520455383795,0.3454914079229027,0.0635470263783764,0.08218384288734848,0.13926056493607705,0.1978504949711464,0.11208186681625591,0.111700534724578,0.18209795594790626,0.11884971507912473,0.3811702712391928,0.5821710977541659,0.6313349746366599,0.5861367694138568,0.4497031693111876,0.27047572486702864,0.1345944535538912,0.24595689252262748,0.2401241554350816,0.1549956248916201,0.2746784556630863,0.22600770169384946,0.1680763329035992,0.08426162276742141,0.1496559561813875,0.17540744617977472,0.050427078359432845,0.13396146411712867,0.09162688791244257,0.3050702590277263,0.5372689830391,0.32471486117384757,0.17292477018898347,0.37363881055614134,0.23863308257466614,0.0407810586224712,0.11531684543605422,0.17261758597710375,0.30473864321121524,0.48510747181577396,0.40821768555249227,0.19658767094978222,0.30796579665683566,0.37164704080637134,0.21336112614017935,0.10731415788446519,0.32412982400177703,0.24018887376588718,0.2907388527486199,0.547428124924846,0.3733118882224349,0.13869987900368025,0.29643793961278414,0.7108096388826377,0.5167295359728167,0.19910548251491708,0.5615559704586666,0.4703502130584913,0.20886758768007246,0.17090566006789573,0.2976074624112625,0.26068991591991436,0.08467662761198513,0.4098580866475651,0.3031532540432095,0.04091886852303048,0.22039169364302283,0.3969400450501182,0.39022384604725724,0.12779418694108952,0.07077244907597485,0.05198450760615163,0.08012846007911388,0.10821075007057503
0.6787244244455661,0.9950039845534682,1.207475039192015,0.9974051417735816,1.7416506459654235,1.3149275039830652,0.23431183505593575,0.3598156786322862,0.5417350661293703,0.6312347142622134,0.3311468958382355,0.2369663753131465,0.2805760099618285,0.3818242647844936,0.35474105553029955,0.25871685576963926,0.20646924226291166,0.2589634288630817,0.625660079838142,0.4918642229104083,0.41448212925925343,0.396781208656365,0.23128650871798395,0.4888654544322434,0.4312594429898856,0.09673237387378006,0.45953219552517216,0.4821900919286241,0.37599626649617585,0.6072881149878753,0.5984534251594297,0.7044836494906516,0.4758871310253975,0.17466482382313092,0.06896473664968064,0.2161037630309366,0.09107361754846208,0.07321923388586048,0.2279574283991777,0.3958261472512414,0.3478804006552197,0.12328253656051148,0.29360586819973233,0.2200952007666123,0.433540923601448,0.7785657886256324,0.6158116037642914,0.38146454652384176,0.28928021587649155,0.33479932569191784,0.4109212830311901,0.2618365651146266,0.20425597002334073,0.1869769847389586,0.16782601103631328,0.12640542658524168,0.24581400333778253,0.29424054621057366,0.21847275094532112,0.29888924373287395,0.24786452147002194,0.1429835909257796,0.4120551941825877,0.31487157658375414,0.22788985157251143,0.31257971025400094,0.23226497590032194,0.4148578343775215,0.15468297843361342,0.1124635591537821,0.1075639780987881,0.25968550911197735,0.33114791498414253,0.3137601908999376,0.16367478554628717,0.003109312914721919,0.10230194150688214,0.046241076304027254,0.13050933959824917,0.13183892221032217,0.1564578885912221,0.1992197262691206,0.22819373419382497,0.04768494681128221,0.1349600165872102,0.08114593283986567,0.4932933913067349,0.5165635614342996,0.2873179940540485,0.13992074525752246,0.057695207678480624,0.11449237316108624,0.04741604714896949,0.305428598269579,0.21997908167876173,0.21061648435309813,0.09511071250753145,0.10478735263962403,0.26428976577391033,0.3072431337414924,0.2677841437997884,0.19777393614340227,0.22545166713141093,0.28672721919324734,0.2546572886714401,0.26959036304835116,0.2782738026048917,0.4478542583481133,0.49858031575564443,0.37641647229422115,0.14035720779507563,0.19718996740659636,0.15333409541568138,0.09142212411812009,0.25414694398103177,0.20398011400625732,0.2847662911470987,0.5411303895984804,0.43364900892647457,0.26816012601033434,0.18237816396691756,0.12064707170838425,0.16426282862037048,0.09317341511518921,0.09624519588348347,0.1120156533317588,0.05914233504132742,0.08779527867818827
0.17930234411003088,0.4718951972852222,0.6952631656737983,0.566279427378726,1.0250190797523342,0.907372945456994,0.32030194847568977,0.2198720163182533,0.21115734941139047,0.23197772115020832,0.3395592526160202,0.8025279566122981,0.8428937249164743,0.13865319805900214,0.8043091292471084,0.7726050450396006,0.7737041476875421,0.5627868301941713,0.6246341940594677,0.7448696563196447,0.18737399175683114,0.2784334741191555,0.1667911517118635,0.5409923656903106,0.576467069625594,0.20456943856351262,0.39849832659906703,0.4708366625507129,0.6421752772340357,0.5864626463186524,0.03330125806314543,0.4774852051139706,0.5262061771768095,0.22675608507962483,0.020697213305154727,0.19654483197251724,0.4113648093400698,0.5137498506415238,0.2545390103297026,0.007062717643850716,0.26115756448021366,0.42439644425420464,0.2572481236350448,0.14231416143346753,0.41931676685434954,0.5921446078790594,0.310657775269418,0.2781192268927212,0.1878224909072868,0.3079209231923224,0.27210174105789287,0.3249122098682271,0.37363254784462724,0.578750194210432,0.45125730289592686,0.04599701951396213,0.1465796021395932,0.08158982301003996,0.1617079416662805,0.26208433227591066,0.09619364790747112,0.2087647158029207,0.23476815855984254,0.30523318237520447,0.38515456655883296,0.24428551438314924,0.31522303284605585,0.2592382551621434,0.21699044052812155,0.39893915635418514,0.5577710119601753,0.429964960312696,0.11153911315343389,0.09779878454261326,0.07747624255228164,0.052384516768442885,0.087877318687951,0.10798741651644712,0.08138659872047106,0.0826458147564546,0.16793330357156702,0.20328761617586713,0.5700756904187658,0.6488976130558208,0.39981934229816407,0.2627647281493259,0.07714706939241556,0.13935579198959863,0.1171585046578912,0.09531904226555946,0.15090129052174936,0.542235980156288,0.36995214507712687,0.30014627768345603,0.11608251508510664,0.07102225981527667,0.038263451946063246,0.12932070742348023,0.10998657786559031,0.1263906282781229,0.04352438617332824,0.5076118374477804,0.5547445221990197,0.12939359433263234,0.07333178926969815,0.07005115278212554,0.1531635344936908,0.2689800885932734,0.2850402951996078,0.7055345291993456,0.6620569907389889,0.38733397247767487,0.1097341189767176,0.30726693155745904,0.2671349229995753,0.03214316145100122,0.2775594438695764,0.3772683725086149,0.2654278448965294,0.16911002511232714,0.15662636643432462,0.25037135931253185,0.37743240841595604,0.3197750940214725,0.19464933816942873,0.23160508812730402,0.19829209046981866,0.0442985036748556
0.6707076450351941,1.0731410142756226,1.3585722490545615,0.7534583562029777,0.8716942986386339,0.9869709564325242,0.352337399441275,0.02744042389204983,0.3361149934782667,0.3866085817548727,0.5836756412512504,0.5026765591977642,0.09568110888304988,0.34959933800220955,0.6056842785686245,0.569668425002988,0.429586716017712,0.41629933081425635,0.39550425064172107,0.41712660663081974,0.44497803101844097,0.48820154295532575,0.5599714787155369,0.6523471617184515,0.6251444697247818,0.8640636689246359,0.2819413207039499,0.20313362205289487,0.156475554296645,0.40077549199719503,0.22150635952934516,0.09504017183728063,0.21578265773902994,0.2269169221426994,0.2201741929480789,0.021877783606582914,0.10821352554507363,0.09999961245270546,0.30639479442001305,0.34929555529868306,0.5154468643915338,0.45405698358366553,0.1775823237090124,0.03164534468409537,0.44237464090841144,0.5857135672596955,0.2794093763190756,0.2211490040374008,0.39742832718832544,0.0757008200704003,0.09870127697808544,0.20975985725702556,0.08961791640894808,0.21943662791947308,0.0442813529845491,0.37990199443336664,0.4878862610487836,0.15274102961690028,0.21449237808480492,0.06871616919814232,0.1800197712401896,0.2897447905590362,0.1030512222642335,0.28430258784089074,0.4302733514463164,0.48518243082385254,0.2646148707112215,0.1848790751872795,0.09095115874134913,0.05062384274498125,0.32144421241828264,0.5206329636734421,0.17389522448626968,0.11415223957706784,0.04339680187832919,0.07031556944144082,0.1668332722203976,0.18132724109142295,0.09012025027743051,0.11564979770117713,0.007917143669678538,0.19130421651172994,0.47248174927928716,0.3434489351534698,0.3682071526594176,0.34989171590146456,0.15756285995288966,0.07342518153720066,0.20581539616362782,0.1902741168348079,0.22803876646697901,0.1588726395879042,0.32463416369692655,0.36349368541169125,0.29312592708395296,0.2761407918403625,0.3943938905880378,0.5809910230102735,0.4773775104575447,0.1478047283004983,0.21818637442583888,0.13095325154629067,0.17106578695559457,0.43170981643300843,0.39210249817835213,0.13577005766983155,0.11152607849183908,0.195020025081952,0.15897429230397256,0.1600458555694087,0.35177334273146904,0.4632728837376987,0.1008598485864962,0.33811729580735966,0.2210719151907098,0.07298149691213345,0.2472514481667179,0.37217975763883665,0.17646061972711016,0.12824435632424838,0.22112829810230913,0.06714700411011404,0.08745539178176981,0.04021712973527554,0.03675825043854032,0.09819433066501697,0.03978701058766344,0.06670543468667639
0.7196969492859974,0.8340870247149947,0.6323333670388166,0.48015562827956265,0.9678359756943433,0.9380081560860295,0.2590204796954809,0.24732511355598266,0.6728032793848308,0.9107206583713175,0.7631574287856786,0.4917054451561666,0.49665947999352905,0.7777660661225624,0.5971433386974159,0.4872344962402714,0.5168562516071648,0.3016254437553672,0.3117354288391338,0.38214672146621365,0.6093482918768647,0.7661543320156516,0.9666724333503831,0.9152053118814732,0.5557000451034352,0.10393268384700258,0.45460110053307,0.4780768225067109,0.25296552447163284,0.279072704879868,0.1974649241635396,0.4806069107000206,0.7762520818065779,0.53991785644999,0.20425515872938652,0.13236921015723085,0.24796361772848086,0.2395729208463047,0.17384588607532506,0.1627328877360439,0.0982731481601451,0.2333178876757515,0.1906429552035288,0.10770610310655293,0.20188141309993024,0.43436114660152547,0.4133347606148045,0.22849298232333884,0.2842321678033281,0.21006992293339047,0.30983569264050653,0.10831187816489186,0.35901837972328726,0.2376284031425798,0.5335338102821653,0.5072288114488096,0.26630936798030036,0.413720471048229,0.2351754395271789,0.10861253072910132,0.36224387717545364,0.28231366763744525,0.23852421313599864,0.40797301534047825,0.5634047371113117,0.4659322885404142,0.6313745883412528,0.4143686623112948,0.19666178961289393,0.21551634293082883,0.3269748043620887,0.5607396775174888,0.29953754992478127,0.1322393006254321,0.12696549036811144,0.03452692344168304,0.09739263102510314,0.06996562329656021,0.16556958744748543,0.3095133787538208,0.20787224324334158,0.054640973045264225,0.13075332976741652,0.07731202233241458,0.15725509948015517,0.2074760156110797,0.12783272277623833,0.29152851714541717,0.5035908345679688,0.3958222493294155,0.1978872627746959,0.22447170291468596,0.25441504015128547,0.28977172310478966,0.3248509725967795,0.27737525471490854,0.3233279717782161,0.4061068570093236,0.2955599144217262,0.3818768061974345,0.4619960820121779,0.272390833441482,0.20576835318304806,0.5039789339009699,0.8288516924209929,0.579035356733934,0.3386524218616338,0.14949145688081814,0.29451420608187784,0.3610396390484316,0.28927585017883967,0.3180263099841053,0.3474090910080935,0.07770043148702627,0.127993619884459,0.13894254544619283,0.25962630594966235,0.4076977143520386,0.432673338681218,0.3048139106385835,0.2582839792494122,0.19980105164777306,0.028369617444131516,0.09243014368072347,0.1569672623941728,0.13094278225041317,0.19635478420188357,0.22518201580179018
0.3080614116220296,0.819390461717046,0.30914728200623154,0.44656437792964704,0.8559238068074967,0.6106725378867677,0.09122970843750887,0.33654230258976486,0.6254441932678235,0.5323089084908534,0.24987671170928977,0.5688993111191203,0.9304453374390445,0.861109480334046,0.172023031869357,0.6273647259448187,0.5001987698778783,0.6851351522927289,0.9438231571619289,0.6720048431823511,0.3466395155362348,0.46749410986249895,0.8278546923031213,0.7824894832348517,0.19890961780126315,0.5016538171652151,1.043546329020904,0.9426131655775543,0.7506303197295023,0.2705889585803114,0.4219115688031996,0.3579412266215213,0.4647025622172767,0.26075183295369847,0.34243227843452134,0.07335878592377018,0.13658046327533932,0.24212508432104685,0.2942325115140825,0.17904766696459853,0.22445056188130746,0.3899577521870946,0.26125584678388886,0.29679582869546256,0.14596950911054574,0.13643576959779907,0.019926565999049347,0.15724604018465427,0.4078114604702202,0.5158640963915084,0.043792686949960524,0.22430053975485661,0.14610773705449662,0.30701910426040663,0.8537649845537086,0.6433194688136635,0.44445399593673085,0.5696844422627008,0.32085771031732135,0.32378525333860786,0.4538079696113722,0.37994934318329143,0.2598741950032131,0.06811917973425348,0.4079837701766718,0.7064736513116092,0.6778945687282301,0.6727615432931268,0.34135379393325915,0.03717112940491938,0.13155439154047432,0.15342007713450562,0.12264092595764894,0.10624797035386928,0.1487230687452109,0.1231570033090092,0.015112708729092691,0.07759173261701978,0.13832339327041862,0.09223622099959504,0.14125224792193805,0.2874598230285109,0.20647564200964874,0.08687746447551557,0.26068427403949135,0.24898966853527074,0.13320487240321324,0.2568765873603901,0.38794415952492695,0.16506095866030715,0.24911347692844946,0.3114982021781596,0.5222581955415583,0.3379458111335186,0.5306838839814971,0.5163585930798686,0.05427782872362425,0.21129918219136912,0.11717888553730953,0.21037466775331132,0.25043262269860006,0.6017099293836937,0.5261698977246922,0.1074067080859008,0.18514005386467097,0.13826138708025046,0.0681620197471504,0.13850463830158566,0.2722305891720403,0.34996510166027955,0.08487502886658237,0.2954439225814607,0.18046638539877544,0.21399360180944,0.19701883581277185,0.17905235518698223,0.14792889926191435,0.05253528452563846,0.06001062656282922,0.01549752574129205,0.12820749532797412,0.40943765601375043,0.24273832017260047,0.1070581814781766,0.1721523271243117,0.03970264226860348,0.2738401472343119,0.2995720450019894
1.418843287922169,1.283024135414825,0.5721014430168648,0.08094437036480354,0.5330968829841305,0.6387347459703965,0.19673796811581903,0.3476824187633318,0.08311501112941451,0.5322168244384117,0.48799366661743876,0.44067108956229534,1.0484502191367933,0.9037167300557029,0.7970485753349618,0.49554376625719687,0.3579067512060076,0.2718256222082013,0.22371549467535815,0.5143702859943342,0.24319792018787137,0.4100550787451963,0.7693188428384148,0.9758462083448923,0.7998548802628896,0.1435976250394581,0.36380719756598373,0.23088676546936157,0.3213676742299288,0.06012452333418408,0.4323247115309041,0.6188913246924521,0.19454906092734706,0.41746615664552,0.3802931230822208,0.16394921797858578,0.007146358495360028,0.09853180096972196,0.24733703260198553,0.23708465135878717,0.24441146371383504,0.4645818045270991,0.32604132313364126,0.2205419171734867,0.194172236393515,0.3678998735778405,0.8486071099568105,0.7478611404514228,0.30053982680341795,0.5056562596458205,0.5434717531159169,0.4971661494231078,0.45664629828498077,0.5540274279022507,0.9238242299446362,0.6300738729454679,0.30609088569293386,0.12701268597006157,0.320133939468683,0.36590627747233934,0.3512839237102618,0.35457216359293514,0.21634778032162721,0.4901447323936879,0.5172871135447978,0.36527878090671984,0.27762044630884863,0.46362431701402523,0.3543488654877277,0.16777978905674495,0.1362507429061848,0.08918311797047271,0.025118724197006517,0.0958744142392082,0.1428548288307438,0.12567608806436736,0.04200507809653105,0.3055341639531372,0.3725129751384716,0.21021530317884338,0.10392032538982242,0.23072641931712234,0.06743087928498046,0.28950480294963116,0.26807313811748973,0.12911763038241422,0.12228736227057499,0.5162188854883173,0.6171895623268735,0.44785113050223885,0.48338343311102694,0.44999187548991254,0.23994161233682057,0.1622965629295648,0.2070249426710669,0.21823592736535707,0.16513895465280487,0.19831870513957622,0.05596047250496971,0.4058019921450124,0.5820796924303929,0.285292224794712,0.20894717786548878,0.34583208776134194,0.42717214248575486,0.49791327353106724,0.2302080743085745,0.38372891210100846,0.6024702683673445,0.5382079533602279,0.291141133757071,0.2348191275433342,0.23421056455278133,0.08724850854612771,0.07985252954871234,0.17317510412655415,0.14058970314822897,0.10242556425161121,0.32155712436022926,0.4608277708532401,0.20382754175805898,0.2530167685841235,0.4765540746064806,0.2954052389268139,0.34094841502041506,0.332244327721464,0.33216752277851336,0.2917068817165017
0.8438831231135764,1.4543096943392655,1.05427494142137,0.40425258957129945,0.5340261480364609,0.5222478533652598,0.10311666226971704,0.1855162734601362,0.4289016224704517,0.33146587137410066,0.27714762157362915,0.3454881923424217,0.30514791353855986,0.41710276009474667,0.11640843275612993,0.20797506981428876,0.2668888935755434,0.518487880111314,0.680567627372154,0.25498224535347214,0.49689997989582235,1.1883977790807005,1.318758848433354,0.580520308888324,0.2155327200366508,0.34649698976152155,0.42626957755947525,0.34235627226144416,0.6169874512725423,1.0038703780493223,0.8551591917297305,0.4350540813513806,0.1992228052114433,0.34475497939370664,0.0901250303190495,0.15292330729607018,0.15647359518015494,0.26287027843286154,0.27110754971821055,0.355882239349853,0.3499099238839159,0.1202032813143541,0.11654663624975296,0.3408804936337521,0.2771525858002415,0.29691539289100133,0.1947498823521884,0.1753557511995745,0.3906307097046853,0.3851694988018434,0.45484799782856133,0.3826333199408797,0.060453149522121656,0.14761889653262747,0.2727521048444035,0.3802746188322958,0.6342903255771281,0.17823869285893684,0.21072289554839424,0.2795744054201397,0.3680662848985173,0.30740528116584404,0.15695560114584703,0.03957041206754324,0.1597096956832324,0.4114215813449024,0.25122473495249986,0.630312492124787,0.26574890831600345,0.20467929055119372,0.03361906706759054,0.20027673429755857,0.06404522960888366,0.10488942186042924,0.10029306574487346,0.11097322024725531,0.07894330477145525,0.06529616521297664,0.07587064825989408,0.06818234806331133,0.22803319645831252,0.35933458944724556,0.31843092935545225,0.1616023134079049,0.08075528482730304,0.29735629601753777,0.2152809110787467,0.07333751047623893,0.14214623301246831,0.13686554095547834,0.20633033891472488,0.11382056153933219,0.16478328332211442,0.4426332862037525,0.36002641444878436,0.2257113267147021,0.12849346994379227,0.5889007319672238,0.7044817887927662,0.29980715103031164,0.14916199549873338,0.2975097919720548,0.49897598616123356,0.6146862281211821,0.1574491644183942,0.413365733310152,0.2507757405520584,0.32167846767557934,0.5831258259560922,0.15474919467902684,0.36182349381351037,0.11614226154284567,0.049364511231171276,0.10423107303946276,0.06762238092948979,0.22883181573089825,0.1270561487303582,0.19074573268867032,0.17235965078980622,0.13794158361022832,0.23837821991502606,0.11603637360516854,0.17882575113949162,0.28375366393049,0.12850074355337324,0.044162739654497074,0.06678518644975787,0.10532399679397506
0.12035567757455169,0.32888009278172975,0.579549957694582,0.42329056000835535,1.061500201257037,1.120147815240255,0.15315866818546914,0.1605049366392711,0.23884304232055395,0.6826139604681327,0.5603446259730852,0.13298296204845134,0.17009201950569966,0.7302446531835477,0.6905484270055777,0.3145252542498535,0.14056173670034344,0.054730210707003873,0.3560974371162662,0.3658580581089267,0.2441281366629544,0.35811341506581523,0.3228937316935824,0.6065890470793911,0.21645893996458831,1.2419819471086744,0.9367929945362826,0.2026924908518804,0.5197759458011871,0.4645178745371883,0.35828344999577905,0.06833332644772735,0.3158449014183528,0.2611636616051426,0.09148802264564163,0.22043258680690672,0.5007605953428848,0.36119928486286157,0.16351492804178105,0.1598622775560391,0.01618305315561887,0.11435775787130938,0.19686662776681596,0.1126216947121769,0.34770925225760085,0.6130632469731438,0.4847120772585733,0.10639774240348994,0.26317031077928943,0.4363033912114709,0.29773995818276927,0.12457500941375149,0.2242792627025698,0.48330824278482926,0.3323235978093525,0.35977475623597416,0.3617243213797983,0.2299864331144505,0.464202053551033,0.4121366519040697,0.3389068749615504,0.30072287387354624,0.3345495280780675,0.22986667867538818,0.12451268875338095,0.43354545559124574,0.6452556761930697,0.3741685788203892,0.11104150053320488,0.2444310969636782,0.3271299643876705,0.17868815687036205,0.0905361838587451,0.12151926299570094,0.11322268048459834,0.21040115399667245,0.2843127315902279,0.07434690600897313,0.12236143290882724,0.1574489710632652,0.13525182189616877,0.14466415927866955,0.1038052422638671,0.24324587144254856,0.4944519307599954,0.47692293792768414,0.2199077587459803,0.18800392539168834,0.19308856244404962,0.29959664545018067,0.30704572632661975,0.5512618237119271,0.5586979070312252,0.20416856176395576,0.34750573063094514,0.2674648748216814,0.34785848140031167,0.36564538934066926,0.42841875960290904,0.5670682984164253,0.45534404986814064,0.24555616939999855,0.3048058342647631,0.547547974332134,0.3527462803806441,0.31627606317468204,0.29198122973308405,0.15157984337600205,0.18949533987129866,0.29616743690547986,0.1578633246168207,0.08659954735979442,0.0864725436043669,0.10038014810372646,0.07582578174426913,0.04813647635532533,0.20001278022574692,0.4251644499456708,0.4684374738446851,0.24326476534042837,0.09453894639552665,0.35677722258489225,0.5013814520071209,0.25542908554148785,0.11066494292856266,0.18512393493445634,0.20266152626734826,0.12385207994849967
0.7867188339370755,1.3912295323945374,1.246610645304521,0.3371215854569943,0.8679499623538336,1.128098050704725,0.4346686135288346,0.4250368047943936,0.42536202358558073,0.02980425230647233,0.24822247472095352,0.1389111424748294,0.5427480662099354,0.5467129592423203,0.15986486811962508,0.06585587174766702,0.3606698452719673,0.44428325767300425,0.2831218810888841,0.8894793458165167,0.7404029836029835,0.5993486569817063,0.499650097722293,0.12176952600631917,0.7295961243468633,0.5925534564597209,0.4275085796505875,0.3129978293042505,0.3402675359095921,0.07561509645991422,0.543317545055314,0.5014203574106594,0.3602776060467459,0.34100348169665273,0.31425307878401265,0.15411355524550377,0.2572099231511205,0.2498718341430572,0.28856955900297554,0.29427512064491634,0.2620538926658708,0.2223258814426973,0.4505620515314348,0.41980210742012103,0.09527298814822091,0.01675320432432208,0.042045859852831435,0.29356440907055187,0.41594078199818174,0.269223067272115,0.7947149542027561,0.6491840762629961,0.3949292132454971,0.32941927575514246,0.3996708815998992,0.29518359272662814,0.29371774489710034,0.21466748660716328,0.18825832437400347,0.22728974586635464,0.07568745212955072,0.4288058710725867,0.3882677489237498,0.08289530596963295,0.23631998056367126,0.029674915011407645,0.2710038888373941,0.19662619346091223,0.2733843250777182,0.3496280666031447,0.4236069050828213,0.2905446716672421,0.2972433291171843,0.32688363378851987,0.12942904221501886,0.0542987071588374,0.011428851416482803,0.028233816249387676,0.05452446482795717,0.08556168537386584,0.24363246852061626,0.15269126231313998,0.19245502883104146,0.2582715251623582,0.3092187068177049,0.21494485333807997,0.1999792499202081,0.18818817427271045,0.08247644537149189,0.15514442388816846,0.19141635044450844,0.19281142777179364,0.18890813877627807,0.268366868198377,0.40295040423779493,0.48135581534834704,0.41044937700048173,0.048752281581007695,0.6180657798004401,0.7157334419632058,0.4982143656243889,0.46501708098038075,0.28214208229569504,0.22149432661426807,0.38009762804943903,0.4151386851048109,0.28166993620006553,0.41660655149259346,0.3548251221894949,0.3524881001775182,0.2184339896500799,0.2563197025546542,0.11382241450946053,0.11850982837402592,0.09080209012857939,0.14753370813729555,0.055010611639028845,0.08400349339127976,0.09738694834358973,0.202655010632778,0.22563051025631253,0.25210878199065956,0.6413578087383615,0.47537364243678853,0.1523100119058323,0.10175602935595081,0.051773888947385986,0.05046293837420277
1.1507957311165895,0.6761668355293144,0.6348287098489053,0.19474106614304026,0.6610118871325433,0.5693917028437335,0.05219107641626776,0.02085651010652721,0.29168152987148904,0.49663589756280857,0.4616908439216583,0.2583659495266274,0.12768097067494352,0.062096072974045693,0.2274366885328077,0.43553878077739266,0.660020592422348,0.6872426325099963,0.9627334107623835,0.7827645101801802,0.632525362822801,0.5847886126908476,0.559378456888869,0.605716198629793,0.9574413767896286,1.0488008514573,0.8915641754195841,0.5656274996011976,0.6051177966147615,0.2966816101748743,0.1890584745987888,0.16506777301704134,0.1594141257334147,0.08542778441670738,0.03396492608996352,0.029781186439022514,0.07003722872852881,0.2716677387901159,0.3322491042561171,0.16135751991449018,0.5256268747066998,0.7658286257086067,0.8541485101921491,0.5700545219649302,0.2507484351074639,0.4791915595986691,0.45233797282174293,0.1728171279328842,0.22031416352946298,0.23836124742446288,0.1717150110874421,0.47901785607288166,0.48543834203844094,0.027815163079813996,0.38244500210015886,0.12019093499796481,0.2244848722731428,0.30204415728433537,0.16110750456687115,0.1390910601250625,0.2823030613882632,0.1669932462685507,0.1793837034710382,0.33803984110617097,0.36486316024960797,0.10287860941390035,0.11938319725520734,0.18219909587100658,0.19750277729533622,0.212609339374548,0.532370296701547,0.3984435516298897,0.05473700754026433,0.12694811724310437,0.070061821915503,0.05025473615177866,0.06359214411967858,0.09042604334032743,0.11937496997218569,0.15809061884537054,0.07873905436698495,0.261522549987588,0.30589837760656235,0.1796123725634609,0.2370383104901346,0.3266370580935064,0.3612271217144415,0.23163275873705966,0.21641843715386846,0.4321945823019088,0.4297266724743098,0.47275047777972556,0.6059104621376563,0.7002212763923654,0.7728938579324585,0.37629778841782147,0.16005752159452027,0.6733332451263713,0.9512776487409608,0.6546215562818719,0.43905556145491464,0.5143638773814078,0.5919616878444656,0.7900472029999049,0.6688054603631208,0.2594049774774444,0.25650732207705723,0.19451550367390535,0.16330057606085327,0.14206657759482524,0.14244998172595527,0.29401724647027433,0.16388529678843466,0.20243245316701536,0.4033772642569822,0.442128715926739,0.11542092204157989,0.3514157148945562,0.4048128591627545,0.17819619048165597,0.1124755550844872,0.20384673804273187,0.20371129326279744,0.12780660087083578,0.23189548740901814,0.07863156224959962,0.16894007709688855,0.11238272928347158
0.8885435853789299,1.1238144667072236,0.14924967235086223,0.13221401238239594,1.2473799901454123,1.2140242119375086,0.41379562770121375,0.1562780341050504,0.6240761698563334,0.9985642068815169,0.4466818761609835,0.07666539826333013,0.37048713030029734,1.2793423302487188,1.290957080612654,0.4379066327324091,0.20565570639508107,0.2484921125109538,0.7213461435868438,0.8611407645878377,0.6936288400723855,0.5500704244180759,0.3895278496983529,0.44779560529803303,0.48279001681154715,0.2762139063001179,0.4516701794669333,0.5535134678594229,0.40228422713587303,0.375026058491169,0.2410950814304612,0.39967457042793975,0.12010701458899672,0.22769542813240948,0.12646257044978965,0.2524038285243231,0.5741345815020532,0.3670280175148547,0.0664683071760006,0.087221061410973,0.09113054854423495,0.24054558852386768,0.3421294968092602,0.22011782680509695,0.3166740737440707,0.6195388790690517,0.5362466058748874,0.30501171784035475,0.5156027935944967,0.26679213771245114,0.2529369739538795,0.3710112574344743,0.12110326176630862,0.22814015808647542,0.3411434314494854,0.2952745641911681,0.18303621159773975,0.07266558084780922,0.06868735295969737,0.32110108782528485,0.542895204327564,0.39844395608861677,0.11890576181886606,0.19326985275189695,0.20904218565790805,0.06143006558328986,0.11825423908591377,0.3278011011948332,0.4166167249646254,0.12768235610082035,0.26263313616880196,0.17379762562679868,0.21723468499139767,0.17910708959558969,0.09250421847703574,0.057014011454007654,0.03795267278900005,0.05872684592091418,0.0674893098564693,0.04677153128461704,0.20274883583002382,0.25094258487495535,0.2372608429629486,0.10130173213104447,0.2034164852834903,0.038516392968162005,0.18092898893849024,0.14859122674385072,0.11269266838419566,0.30552600032977667,0.3198018487022343,0.268071576350567,0.4037798903646418,0.15715818619996672,0.4361509268998662,0.6960716268053023,0.5454069555930865,0.30435694329924723,0.25051049156758276,0.299454464777602,0.11615606524139496,0.17493717271325168,0.3910636968900811,0.4270469414586746,0.14152238127678782,0.06993846307075172,0.03214001231443765,0.07335431520674945,0.06695488335992233,0.03049882716793501,0.0757161000885726,0.044997826947900756,0.13125598606547256,0.18358536954338944,0.30398242269046827,0.04568862330855338,0.11362863592003572,0.32037098579142886,0.39962211521378466,0.20403230851179244,0.44619191549643666,0.45221744186823043,0.1992004757818062,0.24556748487562424,0.28383819462544,0.18470966654429405,0.17987598151318449,0.08332498042539131
0.7418035670784677,0.5174249403561122,0.658664926400984,0.29374741806069515,1.1299108621935265,1.327008084104838,0.38555615677403826,0.14082531106010335,0.5495420137233683,0.7344258005193238,0.40376795547044836,0.2801938361197718,0.4859527486028413,0.8802615086624186,0.4469641917061027,0.45710789909114646,0.40250223182548894,0.5262087159237884,1.0922743648056936,1.6442516953659905,1.0993714751734869,0.18292486024681578,0.5924840889920645,0.3272209574853666,0.2773845963227117,0.352486725615997,0.2664508639849226,0.7480716555261344,0.7743444284588261,0.19541514922466552,0.26317363557097023,0.19679847098403067,0.27460622809046126,0.3317878150111028,0.29697458730705456,0.16107330319961768,0.22371873921668564,0.16160834225680581,0.2062570441612196,0.3919271986347646,0.5036764817518183,0.6910258924278828,0.58707155720678,0.19880079788021585,0.23571681630162877,0.2873520909920432,0.14270074941562125,0.18834329069140396,0.20684644346871411,0.34837093259978275,0.02972026299937498,0.07752534138877469,0.16880775086911737,0.32455037258270975,0.3281484739851843,0.1564582193800231,0.07298150358970787,0.2269466273863071,0.21102203982520154,0.3727556485998665,0.2640846883821273,0.2037060412392582,0.22897604355412285,0.11145748722348205,0.3813572858505082,0.5913511434806971,0.47294024411625984,0.5857944144715443,0.3427699725892198,0.05709603007142398,0.1583875209638375,0.10669237949895655,0.17743349116367318,0.08574120735098625,0.038169202310735194,0.08584820724553116,0.15353665981858747,0.07778519918647024,0.03125240320822704,0.08931497467397617,0.07302243460333409,0.04613855914692133,0.03483210241266884,0.1205702609315642,0.017012497140123498,0.06899578668871467,0.12794281855018377,0.011733902049138198,0.1645801626413304,0.06722847207700308,0.13947244601161013,0.10259474160136188,0.2780075374376675,0.404438608996036,0.3390420273207838,0.24583717645069642,0.19838353893294472,0.14828918769815366,0.18207399909738736,0.24115712617276952,0.23898579868861808,0.22745904543797513,0.09281977523464204,0.23797966360026757,0.1864083547951416,0.27101509270634005,0.5314031495513643,0.3417306813324419,0.17544362322949655,0.11186219993835242,0.09155315501953494,0.13145703152852828,0.11799919240628912,0.5689479492772762,0.576890659170506,0.2104595426885915,0.1682155705963252,0.2448439174279542,0.28831494840900695,0.0323429992194872,0.2927913483124648,0.291913036028315,0.24092304884785667,0.1708673304941795,0.13094079646531834,0.2859528071075013,0.20133452007396122,0.09899312724269246
1.0696570113235557,1.1632039295736634,0.37833569934801553,0.6409770694292714,0.8663495025357937,0.745552913314974,0.26575020779675823,0.08293443423358374,0.1479912816364632,0.01056008398435558,0.0861413727419642,0.23928284034565483,0.6228844772230505,0.8865236698056097,0.6322344795101658,0.38578660008485904,0.43066337337752186,0.49019209791135654,0.3600569805972131,0.43216597370301213,0.3098430691755605,0.37187813410723364,0.26028429864675906,0.0935460187185236,0.3026092575624096,0.5881286837930116,1.0459111202851796,1.0069941845864978,0.8336899271634785,0.32067859785058245,0.4503885108051726,0.4071984608200376,0.08328986905915964,0.4882363850348796,0.3881481490176196,0.07635994796648737,0.07565834524726385,0.2148331854028445,0.16693905624852914,0.049074105982515256,0.22787557200600017,0.2702266229883635,0.16323825106162573,0.04920176573907421,0.026639386692405672,0.09519263496034841,0.08105366244594343,0.06032198925320665,0.1633663916969513,0.46854448097815826,0.5566362970389405,0.5083427320945125,0.2629528494377596,0.263708365563669,0.45851383510714433,0.6314676561160455,0.6003822872393997,0.1653381241582265,0.33345831452699765,0.40798455511026704,0.3074112106772342,0.2883144497241877,0.2596020814504087,0.1816759674039253,0.235198696887169,0.08491964568429337,0.2818463861628701,0.5481198533667091,0.2155023880464432,0.41134304496623664,0.4908748161364474,0.3820775270105737,0.13964270885461366,0.043386147698563776,0.03243423132281369,0.09559540903247242,0.20924890861554593,0.094991260990857,0.04268008129727535,0.11111172167816176,0.1863447550919262,0.25096677544478285,0.21100608791863476,0.08026561670523841,0.1963158532115244,0.14598868420382202,0.1974616622564928,0.41104586168842117,0.26861966932265063,0.1626601660071485,0.025602769602414296,0.18440174966884487,0.13593934057785914,0.3633850229766097,0.6951179761750397,0.5471927759335895,0.12296021337238991,0.20178297859425717,0.28085303748031737,0.19910995399156528,0.00419197886914402,0.13652720717779726,0.12213977817009661,0.3992404056954691,0.3586940301773269,0.08241211664003006,0.29867246245435614,0.1333796911427693,0.2988374354169015,0.21372563651630563,0.033601396149916224,0.054691520072909325,0.1842305628370024,0.23853262419830806,0.15438683071691187,0.20555250015523036,0.16161381611358083,0.11603653432863748,0.18278258051288335,0.08150946035851162,0.11870076663138979,0.2849623986594488,0.2493608689062261,0.28254014825098517,0.19666224245497835,0.16266514119251002,0.19939852239346556,0.21757287569796768
0.9709143340269304,1.1107674799857064,0.6392394116410332,0.34005538499019594,0.2344866547876942,0.5770132849615266,0.29511368638061575,0.13153885983799044,0.17050795528714457,0.05618298927235027,0.2502070351987988,0.7269866477401256,0.6655113199935732,0.1747676795032959,0.5179043304720564,0.416653939673263,0.5260744937990571,0.7568559564981647,0.13466565903097896,1.0975547845363691,0.8431129773847656,0.3839323234482376,0.2939677696116684,0.34909891437724705,0.41558584559126127,0.8361211637571498,0.6099988638832957,0.6545993622927984,0.27401143248252735,0.2398907477579585,0.47739579039809127,0.08090455426162947,0.48481605720860815,0.2901030487652028,0.07247652341302367,0.04356123590701496,0.1597837919775314,0.14389913956280584,0.10541845090470088,0.08517207025469037,0.4234291529660031,0.5505391394932418,0.3781390451614686,0.06886100031182539,0.16872651279820922,0.5506877381831325,0.5937632420230889,0.3004624797408126,0.5307530926251898,0.20136578826730672,0.5205065404934205,0.6539455295149126,0.1965180910269062,0.071510972235804,0.25271978447363713,0.2093934949960531,0.26904717281005913,0.2548891429576455,0.4006756255505699,0.2520387755496733,0.2977509370128027,0.4330718458337388,0.28047131039025275,0.06904436121057127,0.1999291155560486,0.04109446240669904,0.34257342615597014,0.370752946571427,0.20039476580102,0.02570194108634154,0.2930542297220532,0.4352167895138762,0.15278078442438509,0.06144432248670195,0.041449298322362646,0.11304350861069982,0.1995950407163086,0.0749634508241716,0.01025718890648103,0.03492761832141674,0.2041225799386351,0.28491521657660046,0.054149562612846314,0.3794843592316715,0.3588587401936676,0.22542788694538352,0.21375418762032364,0.2029119006916762,0.29485111526538443,0.23134918629608373,0.10826477364554533,0.13488284283380064,0.12094430220133459,0.26930160290524513,0.17601560241954026,0.21400934204831396,0.23795468915359738,0.2834123797961661,0.34464920185587244,0.16672125106423025,0.2501645759435249,0.2663410307226871,0.19737505397431795,0.43830126812003817,0.28940452830657876,0.23236740043353388,0.11040340840539593,0.2711066524440479,0.4207084870456979,0.2677111205027774,0.2542817475108709,0.2656992075926302,0.1344139291329048,0.33010026589344255,0.3013042560002922,0.09054090751954257,0.06417413498313963,0.5036354585259878,0.5975414479683128,0.28628505464385534,0.3495310867104109,0.08466899715530851,0.5420233366151308,0.5447084594091055,0.16344453990680588,0.05394348473617437,0.1737781379726693,0.05428396066766946
0.5914610781077514,1.0454331575830054,1.1010411763860573,0.4577379577490204,0.2063829922953856,0.07727835391275628,0.1586308652898626,0.08019978876108184,0.1581162110098536,0.0760762935461366,0.13657372555008473,0.20364057154931037,0.14028870937016122,0.02521716117055607,0.15526926353076448,0.06217792142648791,0.19452211755889204,0.37972883171141925,0.3043669018440332,0.2821587184841756,0.19663690689153274,0.3192183511774357,0.39865076207952044,0.23048166111775195,0.16777620494109025,0.1611998545743117,0.6012778580770184,0.40096423056137054,0.38053472920011694,0.7686904119661719,0.3467758690791399,0.2716413192443526,0.3466428544821606,0.18131249220031134,0.05177891127900784,0.052604643916522205,0.10520041096281531,0.24834460796490032,0.2863093480938596,0.2346936564538758,0.19947016804699044,0.17676049446140554,0.053018726783658744,0.15268390923478697,0.3497794954740489,0.38448411313502684,0.4419185139801446,0.4644333214547522,0.15553400044069482,0.22286373266496012,0.2851988982827279,0.5864462328281018,0.2814087744843471,0.08088133177304656,0.002192663679818385,0.18341458828804894,0.31004004354485415,0.03852269310309072,0.24573987392721275,0.15768746524868246,0.07831677857562024,0.17280784042630576,0.07349753644692,0.3110836066714642,0.43767114375546284,0.16473454885888525,0.1363447032861526,0.410298537988622,0.3543921711686095,0.17263064037276918,0.19692642932291235,0.08574784412493289,0.13722863842193467,0.14870323935039942,0.04896491834401426,0.014659470704350417,0.018871141720134554,0.01785621635684926,0.03033291472015483,0.08592572164751007,0.17576987706413022,0.11119480321621315,0.116727704412661,0.04227534335861969,0.07854828321139673,0.06815994483125708,0.048833727420962994,0.11070429009397706,0.14262878595049652,0.10127525943028351,0.06724588066123299,0.16682376421463493,0.2158710904613938,0.2058768691941082,0.13605646981755637,0.08488514758634551,0.11511062012731965,0.09503298424892237,0.055947539813197764,0.23503939185439593,0.28668610147133344,0.07708041831305149,0.11522542522735368,0.03461952380232381,0.033250370246073385,0.13357147497279723,0.193213614555986,0.03546907867660132,0.1405013115278394,0.15865228148051919,0.3689179127773409,0.40808503290399195,0.17627962506115158,0.09116401773747618,0.03429532842805743,0.17205387539388753,0.28158679773024087,0.27052692977720166,0.3166670521611432,0.37628583038848173,0.17418972372715852,0.11999501436420053,0.09688260569306896,0.2574250330343914,0.14605982825824934,0.12275679720609027,0.07950178903798048,0.1003994529857589
0.9322043310286219,0.7029539884252062,0.5333105963374865,0.679381849801559,0.07924510484360718,0.26088386041997363,0.0408399591037337,0.02108121905591775,0.2490821265158197,0.11736636918010589,0.17036391353658026,0.18713743744172245,0.09102220543109268,0.00992726099538475,0.2785025403535386,0.39167793659345035,0.11909214407962183,0.22755516155826142,0.251673951573403,0.5884661215525333,0.6491648432285082,0.22144204500486828,0.4342696859988589,0.10400192767440129,0.053557954142500114,0.18857106801179482,0.3198159483736734,0.5795631588621463,0.5292738573727848,0.22338849180418516,0.3791943145235099,0.13569984892102696,0.08011559304372022,0.1169307549929265,0.14713313610379206,0.10939073686592748,0.11463243716752004,0.054181763047583945,0.09662697765754152,0.07735318796239367,0.0354064816146876,0.07700145357688896,0.14067116487492112,0.24079975757289404,0.2597245595163324,0.141445625812776,0.1726838419845281,0.13774384719359956,0.14015917608512488,0.3092687411456507,0.14779659577381885,0.08548269702488175,0.09113415174544441,0.1547460455656903,0.36911218287520053,0.2069821320034688,0.2808883490357204,0.2685041738598943,0.2502333469182292,0.23962826667182957,0.04660462298356593,0.1118366403195387,0.057048353875750586,0.23000629314171886,0.22465211801501891,0.1830058014485481,0.29285734981070394,0.2346151656807572,0.12526986992149783,0.21256193457711212,0.07400175494290522,0.0879411049327885,0.06892521928546426,0.05165888863698178,0.06778596493763478,0.010990864746185162,0.00817671819801924,0.008451895905888485,0.01596301223632827,0.02145157624595439,0.027531291569088564,0.054182637274993777,0.11462138991917965,0.08230788851338668,0.210833234460182,0.24911061624370925,0.19302496416269493,0.21981971943047854,0.16886865568654924,0.06226182070042905,0.11762301531100565,0.19663508211757805,0.09414184675234154,0.2418012429244913,0.3776687927773088,0.41312278239141914,0.20905318921355476,0.19175803828798302,0.3351646563658507,0.32934712087155793,0.1007603318938475,0.0877937539699269,0.36772688575324924,0.5824839308454387,0.33739377871945325,0.13598694720057747,0.10530422703445204,0.039187285674739336,0.2698197529082991,0.29317907714316827,0.13878206044797392,0.02672892250860179,0.1598595366824262,0.11081227143545322,0.06944531045009542,0.12279205366712143,0.23037420278948498,0.16703814635454486,0.20731671948885377,0.1951903197517553,0.09071577963347115,0.3074672828600486,0.2730595507412088,0.06028713874175097,0.0597189242355405,0.1740627154344778,0.35893811979857654,0.31452908862498685
1.2471709473491313,0.9761352090437246,0.486079064937396,0.22745585195822343,0.4593406443702559,0.4911908326007316,0.15633018357660927,0.05320808003142816,0.08247738358194441,0.23592922681443557,0.3056307720328276,0.17668368572456122,0.32322698725778626,0.3223334675463719,0.21739008826193573,0.1916707557036067,0.3002575829367184,0.2782490353056108,0.3039445503872042,0.720797841308772,0.4641316978846519,0.1602885711358825,0.4020785732408414,0.3449613603647365,0.24781520582537497,0.14064091209666701,0.25808550609210246,0.2391891158746902,0.3077916991288102,0.4493606740827727,0.39700693179568924,0.25341397360379664,0.06010118295472085,0.08239582781410341,0.12110289055891156,0.09528789663665199,0.05825655027510826,0.15512327377257326,0.16512537427491725,0.040923062221199694,0.1380329484277016,0.11954752267798785,0.1749896212337065,0.25645764199649723,0.18818785889612633,0.10265196289781055,0.13438435738804247,0.2437666004715988,0.18739320477352198,0.3293117715415313,0.20497815435602387,0.20122170755245145,0.1762875701603659,0.05154620078085532,0.10085440877037312,0.09009279027552276,0.20795250726700762,0.23782746817200884,0.1905148500094396,0.2378224745187037,0.03053091425714531,0.29052273124450356,0.23149166799103957,0.04049550579014895,0.13643294272808104,0.05312138534945099,0.2596939381078931,0.3346603691169455,0.33213534045317905,0.028680945004566163,0.17456962848660054,0.07106118194251747,0.02272530611514009,0.1807242681359086,0.14693774593139963,0.04354843113533371,0.041562922482958314,0.052574513132843004,0.060570419770882955,0.07295365466079717,0.1984569543506265,0.2276186983172122,0.21728664792161134,0.18980391766532106,0.02801837408312824,0.10829029048507548,0.057904167230705024,0.019414296983797225,0.1596958333421441,0.018894466495656292,0.09636443254439063,0.06206433224377618,0.35960864019963096,0.3563245522094732,0.08602844546721186,0.09355652776966811,0.056149507260104994,0.06250117087345966,0.21032923558723096,0.2957109020566538,0.2610491487775746,0.1964944645551294,0.06552230768468209,0.15555566187807188,0.2911359411513739,0.23714413383928934,0.10766349852719685,0.06149642092565154,0.08754623594708517,0.04388265959651677,0.23115713969560323,0.19143032235754454,0.21971146334732894,0.2382322478885643,0.2042736021738721,0.23704336815401528,0.16548159891258377,0.14153992128328174,0.04204207730786514,0.20910115860294354,0.13946395151217106,0.017364047463616642,0.07867255885164813,0.20571732500633616,0.24337111716696921,0.052488415029551976,0.05489632057860331,0.05963760488268997
0.6427474675633205,1.2766530901729682,0.7990687082794141,0.19393259946900646,0.3882910412847141,0.6761826588959949,0.393194110857176,0.2052639105287943,0.09167861644872188,0.08214276713996475,0.24345769592037947,0.21556957049548195,0.13157576176197694,0.46554730289571217,0.3517691345035908,0.2517782013639621,0.11602438158959458,0.4179868812266705,0.4556399085195614,0.35793898398699026,0.7802084803873318,0.7912014962886537,0.4465434377421025,0.4923860675807913,0.34930119783764063,0.2814959675994173,0.5680534758406048,0.677126970208804,0.2132560044209848,0.26396532198763695,0.39326911736263065,0.4104662930770151,0.3468625878493081,0.15551292308875755,0.024714868890204154,0.09081214392218576,0.14277903648862145,0.12545869322618416,0.12355241793492365,0.22449486084772552,0.24671759473322605,0.08658647784239147,0.32019433323548235,0.35104939837741733,0.39155701560888073,0.273675190743529,0.11845539564409777,0.1269223014827605,0.19247072699650036,0.32535890087429087,0.2617743483572351,0.0629932786866844,0.21096408771513886,0.3434669098963572,0.3664522292966668,0.29063055478699507,0.34917559771780743,0.2936152522605867,0.049155975479431145,0.12733202544268435,0.06935749117246015,0.16185997358519416,0.2407201596814583,0.21845814055164173,0.07553178421419152,0.2416592668856776,0.39950065223802494,0.48127134072635297,0.38355355591957957,0.2346715114433445,0.35901246554290606,0.26863138349989496,0.20787378144599736,0.18075254449281408,0.0648287299232911,0.02565592752438587,0.020774312726337823,0.03747555980965158,0.06474450821244548,0.04035723892956533,0.07883763035061146,0.12937133679119384,0.12493970627696863,0.18951576693949335,0.23425758058452262,0.07969038685448188,0.01740386437652804,0.19589752271252667,0.26883590934055057,0.24476563223508982,0.24166100126693021,0.22370792511274112,0.07584798064034459,0.2466002686756808,0.2442081757290737,0.2026776243610158,0.4046936073005637,0.43536692829946533,0.2423994523801758,0.3374408832699838,0.3363145012426591,0.15071276280781792,0.18665245653226198,0.23848786910982514,0.08616196595026632,0.1677158392605138,0.34333196570767466,0.4348157369595232,0.3070204878670422,0.2159971499512031,0.28392305182097544,0.17043359843790362,0.0696824503066763,0.0823694894541835,0.12971964187981233,0.20243918602042918,0.2741361149000738,0.21853962090943785,0.14399146015805694,0.13015974913484626,0.13447484723405118,0.3220764376309416,0.28366795738425804,0.09808584308371854,0.10375592804090533,0.22316574825182553,0.2555280710306905,0.19494362280394434
0.2229298886956103,0.5125846235757615,0.05176209333295935,0.27722540881941726,1.035593135536711,1.1357728852747049,0.32444853455442035,0.32840976765892405,0.6599755568583038,0.6651328872392224,0.34084755810824346,0.5736452464418911,0.9566499249206676,1.1405006016046435,1.0632350892472,0.7972475793656727,0.47479118096549244,0.40098338353958984,0.4126320875624108,0.5855855908967905,0.8030086701042648,1.1804358581599264,0.9290962254100578,0.8213314542703921,1.0533510247901015,0.7498539906784215,0.5914886517621653,0.21166824522697028,0.20673768819387925,0.42127772273903225,0.8795715580763197,0.9505654938759216,0.2796409117684654,0.2202126775975768,0.18750910564005704,0.25789195056479475,0.09889257302598764,0.14956724526111062,0.23795779789860047,0.2319285522969088,0.4845548017768765,0.5248402294929372,0.13311611723204808,0.28108421886055635,0.2503993483614631,0.7175341273606871,0.6336880925691094,0.12089887483043468,0.34522500428053887,0.626259704616809,0.7069224017991609,0.3795424827798148,0.057288633501833504,0.17161282703159267,0.30890554238306733,0.3925444290318611,0.0841541164383318,0.20116173779133528,0.2575679260311266,0.4354681218592762,0.6215118092884323,0.7343777018480787,0.6655810417814151,0.4768777343965633,0.21076139018565745,0.25046933484420225,0.7571182463018225,1.1085752372826847,0.8588480663760275,0.3158717397163781,0.14027835306846317,0.32544026645070984,0.279006948011665,0.12783175213795986,0.029332059772343978,0.018321388499177336,0.014463945036638998,0.024234838186740357,0.03795269567640357,0.04958960798847932,0.07740789285085539,0.11971600276701339,0.18222257598436872,0.1610831698117313,0.10407598825005047,0.10876580246239737,0.15259067578601435,0.3285955960176314,0.05119928361959434,0.44758893261903804,0.6674516327942772,0.8009614790684626,0.6250350619818918,0.37598166835688773,0.5968285329720721,1.1080582735517102,1.1836187754586462,0.42189802200455473,0.28424908415519096,0.689551224933226,0.7793920972703332,0.4610048235803708,0.10822045832378828,0.21554799944052935,0.5241920632205338,0.35977895761359036,0.1956374730906715,0.26263967987309816,0.4302695360349612,0.3229531001297621,0.2064465665250669,0.2059836768753173,0.3117012762241373,0.32304126361459873,0.0774199489515864,0.22565340697838646,0.2567612126135513,0.5204656108821354,0.3970144229490742,0.08888757805450613,0.1814735356423288,0.3658467303234665,0.29838401649086965,0.15340247496711817,0.07675025098067739,0.202301353958246,0.20319289867208148,0.2564835827490648
0.6811336200116938,1.4871430629699016,1.3481936541343493,0.46893064722016575,0.8833069242073925,0.7746989961772711,0.19422259161203465,0.20179440670275114,0.6665904915388855,0.629296369882321,0.38545975828449325,0.4908879672671055,0.613919007282677,0.42631038804834864,0.13153929108026768,0.24141004207298083,0.035552576548111836,0.26901153492939567,0.2614269977629551,0.32382801596444294,0.7147479452073111,0.7861174443677721,0.2118042403006511,0.5843527977478997,0.24793019314767922,0.40877241383298574,0.37952136602821723,0.4615239364149682,0.1048081672623,0.14918250252320292,0.5080143517563835,0.5730306601389928,0.1735213077556774,0.1523728390263923,0.1300830880435954,0.18332238289264127,0.03910232452935322,0.2816327219333111,0.24433621283713777,0.1394329037895294,0.2745372380941272,0.24421164982261875,0.4962423226083638,0.29411878895622173,0.11054659987953885,0.17110135012379465,0.22190978251701418,0.6241122861622885,0.5590403706659398,0.14030486025089553,0.21488617675566749,0.42574468420608935,0.6489114745415036,0.24336842859600746,0.2662421026037345,0.3219652832135203,0.2822465363622389,0.23655940289852243,0.347072159504252,0.20608432627873297,0.31080503769669204,0.4944501778623256,0.5370321391566366,0.47571882383449343,0.19459194294977997,0.15710786269018448,0.18293210061121867,0.2626694609137157,0.41032011363944215,0.5766367097959312,0.3087464733367749,0.09806104124505315,0.21807156572186373,0.15432894677619974,0.08899920016490301,0.05123572644774199,0.024644712411918013,0.046085464753667774,0.01328394825491587,0.03359781323839773,0.052615912719629856,0.17916282936909694,0.17396052427784237,0.1752501040622112,0.15850067851627922,0.08909585623854399,0.22866819239748534,0.13909921944118614,0.296296188998374,0.09515576940955608,0.18479362719788106,0.22472837889579766,0.24527271375677384,0.10365245543966722,0.06926848745189204,0.3462585034647222,0.3209420875514226,0.054844978531203195,0.07048308394871422,0.13768655357122178,0.25452485808927783,0.20025560656457553,0.27958050219467584,0.4327218870735224,0.4185922831013022,0.20790995440553792,0.3570697744508764,0.2525853175424844,0.1826691754392107,0.12594611827985644,0.08068027213713558,0.3000343838855548,0.2421447234238509,0.2785728073965802,0.3838779023845572,0.23833278522153042,0.0918688006245444,0.10633355922445945,0.09264820409595831,0.33228434451453814,0.3353309225029759,0.12336959581268818,0.26234703924545943,0.20655258510342558,0.32314428313655763,0.12624786218204237,0.11073979688866663,0.1460116583775864
1.7314011456838327,1.2992680785461894,0.5149738879973943,0.46055564063705934,1.0548126933169852,0.9357950237119423,0.06218307435198265,0.5079614299191987,0.651317257653295,0.3678799757908976,0.42207013277355554,0.21235835164654634,0.1388509238029796,0.20047973786500115,0.04557114449435877,0.23060988348554567,0.0975816868665267,0.09644372953517882,0.3526877578717401,0.7039366244132694,0.4228983826511096,0.7627909195467495,0.5996506843783487,0.09191330918489883,0.2023011689729246,0.5110762543143934,0.19254745745070023,0.25100210614869384,0.6087937683871077,0.37903396629222275,0.12393770270485924,0.3587903746039194,0.08029119096850641,0.22464672442796,0.12513073504533626,0.04399276695725957,0.19913566577607325,0.291297588362266,0.24554665812994683,0.2927346804336819,0.40217424594213774,0.2884639621181635,0.08519162078995403,0.30217230635091913,0.3930915825019877,0.21481238823235382,0.3669477722318088,0.44990303843725943,0.5748522799551056,0.49640226174837376,0.20383948404182303,0.44482683035437504,0.44191712750332746,0.19043722886512937,0.4790357701317731,0.49982353266465196,0.3827757202285864,0.14641588255278057,0.2493625033748834,0.15936969401462164,0.24567999300685367,0.28436020875857676,0.10886280227911105,0.47255857845754035,0.4172605651589201,0.1535381557639156,0.2033293504265111,0.47939486544399634,0.7410538294888658,0.5115168228513888,0.3542656751591967,0.3219188640571857,0.1858344645533018,0.06059546288748544,0.06888579068683777,0.09200658682193047,0.07834569351359665,0.09286867960197595,0.23029281125001327,0.18166969511391728,0.1908560945293331,0.19728054932357555,0.04533063429028392,0.03743153434096263,0.13511721785584785,0.20120946243149632,0.03061703080801981,0.18454416187532063,0.06024701402810359,0.15277899572562703,0.3916288339283233,0.4103324159620117,0.6586729688161105,0.9383541448636818,0.8100703336355509,0.34640201901179857,0.37227027086034153,0.0995951113575944,0.23425995077233075,0.28202716199757283,0.30978079110053297,0.16598968103138503,0.09056601990815151,0.020313902472271907,0.15787646063630695,0.35911219061924404,0.490639128158684,0.11183487065565656,0.4041274184891361,0.29847379398348695,0.17394638125085182,0.09605549126003296,0.10375950139854047,0.17302646296914495,0.044165046549651664,0.2611958307478501,0.256383452209009,0.1453593727689454,0.10247561828404358,0.24087531369505857,0.2145169424400011,0.25679214700369624,0.30032330825837794,0.30689452698519903,0.14034925416669636,0.012021562546239482,0.09177239635608975,0.11010641185922333
2.4760442995012597,2.1905770199584462,1.2947467624388818,0.17098642801472635,0.8545046438819511,0.9881179348480049,0.11868497960576986,0.536652864301086,0.7431332446964958,0.6514221886653463,0.6038441272265901,0.7267625173447692,1.1124055748817205,0.644661654865871,0.12488857040064359,0.32320005483669345,0.2182488898679332,0.33617947213498167,0.21709094486490582,0.392409181393436,0.3527525620041804,1.1991769599391744,0.7338231135469203,0.4871997785287315,0.2783167031719987,0.2886511906488631,0.5035687167986657,0.3657786706200778,0.3209069954599786,0.6716864400831566,0.7271535646815578,0.1406500234084399,0.3618642669541675,0.29115867729197203,0.19926557388973218,0.18982364809147909,0.06551538228316814,0.12903220916244723,0.2861855742655723,0.31880642926998753,0.1044705726513407,0.2030832854092324,0.5461834951138633,0.5278046277656813,0.15649116672760502,0.21658264705450364,0.5274668161192977,0.25247360325143864,0.2754786166913255,0.4932931813161945,0.3481294425244025,0.31662311975123547,0.10656556355478268,0.30044024000711916,0.306274296308043,0.45765917071560164,0.6459143192337738,0.4904719044906885,0.31808156342947635,0.21441507437847718,0.3142885647330867,0.593560394762305,0.5095198639930851,0.3726393220096265,0.16087450770194275,0.3043022341281126,0.19889532551937003,0.26994716956620607,0.23434660299146948,0.42113514048217693,0.1743763955901568,0.09018255476549904,0.20838505524324852,0.07370675699688141,0.05817507420630688,0.07851615720558035,0.165342317542952,0.129709179763717,0.07256188429673822,0.05500853225054496,0.20677612409520135,0.298652065269646,0.2055800130239887,0.20302859949461,0.21206884940517662,0.22838962043010883,0.20158986694538814,0.060144657054527186,0.15573904972488106,0.24813078263023186,0.3499727704237189,0.26279881883273476,0.2037532446254417,0.29640888745505695,0.2961421744830907,0.09658999373073082,0.25349323442546096,0.41911341043873707,0.38709709524419367,0.17244214567314442,0.04858949235541175,0.01438839000896852,0.022863971993882456,0.1977288362527139,0.3574841115351325,0.23990810058558631,0.10225250357175528,0.016681506034914726,0.28005373801241995,0.38518705148101257,0.3746456604157531,0.48071434192059953,0.3232022864947067,0.08069372194286692,0.20012446022558975,0.36995569367825054,0.1621350325987597,0.11100710456522077,0.2712769093525736,0.03300263406118296,0.18484844725551788,0.0920429484750441,0.08287134870774371,0.11792790715636078,0.08733305026349213,0.07605408528822483,0.1333198291283876,0.16506977438336382
1.0694817109778598,1.026772911421159,0.5208312099268881,0.14353882753453565,0.942354493229657,1.082863268331895,0.4640020045169203,0.12818743899228693,0.16147819958044635,0.28806593098396466,0.5740255045447721,0.2166923603396632,0.3780758150832645,0.38010101086536635,0.6345821994654164,0.3906731714224322,0.46918581758408445,0.7681041210643248,1.1123131860331168,0.7873583883113277,0.560495040900499,0.553209292157092,0.4755135325631424,0.4766222235890872,0.3665128565935411,0.5394922806165352,0.6018570388189667,0.94559111089805,1.4223832431652164,0.7410579266996027,0.439999603670145,0.15620197169424188,0.037385703755269555,0.07785106311519122,0.19975561370799835,0.18811932184487173,0.09319903355301482,0.17144562248980502,0.18666313136123872,0.13999975527808137,0.34892658035262086,0.449063212559333,0.48366027135545603,0.361802365355499,0.16261042848405072,0.16120526561051443,0.07820719878265353,0.3502513701469314,0.5748480711254637,0.9435672685034244,0.4179387659842492,0.20011163605096516,0.1708751662565828,0.365100091904953,0.628560006133756,0.5160804011237204,0.0934099851325792,0.1460277007270357,0.6003660904533141,0.6552744830771237,0.3966408812463823,0.16758411194356912,0.276981827086972,0.40637827329001164,0.09415965075767889,0.23738050656851328,0.22242152524971887,0.2249571078908447,0.3052612406808743,0.27249164401792725,0.101464465310959,0.07428728961040344,0.22932629362318308,0.24193260302255667,0.12246769000407354,0.06679934821911966,0.06668547209683316,0.05089425665480324,0.052235374487787756,0.09243091594788083,0.16639452184551426,0.545715420466898,0.4330723512478719,0.1535754697019515,0.22001614321475238,0.17666297246198925,0.038917376268194734,0.19647400274583915,0.2505989592286882,0.10432854317103243,0.3470909990503803,0.40165826194631027,0.15592001332322047,0.20219792537121,0.3470398625881029,0.1055717326314232,0.30427208351562285,0.1660970472282179,0.04350592025609354,0.2751742627807991,0.3370549795288287,0.2203925170451683,0.4330525671319002,0.5445430497972985,0.18924846870588014,0.3935094948847082,0.2109494949216776,0.24991046677320874,0.17086869122316664,0.2660058397154764,0.05707955896906891,0.2032920355894077,0.2871115171351739,0.12129251291545612,0.2857181702783505,0.37653000328509845,0.24549255676674386,0.06916543033541007,0.10457355427447625,0.21474359204703933,0.2161422275394414,0.3842824200654534,0.23594952744238631,0.15878206344415208,0.17402329018264545,0.22453201388613875,0.2781459769069293,0.34355422475354797
